<?xml version="1.0" encoding="ISO-8859-1" ?>
<link_info>
   <banner>TI ARM Linker PC v20.2.6.LTS</banner>
   <copyright>Copyright (c) 1996-2018 Texas Instruments Incorporated</copyright>
   <link_time>0x6455701f</link_time>
   <link_errors>0x61</link_errors>
   <output_file>finalProj.out</output_file>
   <entry_point>
      <name>_c_int00_noinit_noargs</name>
      <address>0x26d</address>
   </entry_point>
   <input_file_list>
      <input_file id="fl-2">
         <path>.\</path>
         <kind>object</kind>
         <file>main.obj</file>
         <name>main.obj</name>
      </input_file>
      <input_file id="fl-3">
         <path>.\</path>
         <kind>object</kind>
         <file>tm4c123gh6pm_startup_ccs.obj</file>
         <name>tm4c123gh6pm_startup_ccs.obj</name>
      </input_file>
      <input_file id="fl-4">
         <path>..\FinalProject (2) (2)\FinalProject\Debug\</path>
         <kind>object</kind>
         <file>Timer.obj</file>
         <name>Timer.obj</name>
      </input_file>
      <input_file id="fl-5">
         <path>..\FinalProject (2) (2)\FinalProject\Debug\</path>
         <kind>object</kind>
         <file>adc.obj</file>
         <name>adc.obj</name>
      </input_file>
      <input_file id="fl-6">
         <path>..\FinalProject (2) (2)\FinalProject\Debug\</path>
         <kind>object</kind>
         <file>button.obj</file>
         <name>button.obj</name>
      </input_file>
      <input_file id="fl-7">
         <path>..\FinalProject (2) (2)\FinalProject\Debug\</path>
         <kind>object</kind>
         <file>helloworld.obj</file>
         <name>helloworld.obj</name>
      </input_file>
      <input_file id="fl-8">
         <path>..\FinalProject (2) (2)\FinalProject\Debug\</path>
         <kind>object</kind>
         <file>lab4_template.obj</file>
         <name>lab4_template.obj</name>
      </input_file>
      <input_file id="fl-9">
         <path>..\FinalProject (2) (2)\FinalProject\Debug\</path>
         <kind>object</kind>
         <file>lab5_template.obj</file>
         <name>lab5_template.obj</name>
      </input_file>
      <input_file id="fl-a">
         <path>..\FinalProject (2) (2)\FinalProject\Debug\</path>
         <kind>object</kind>
         <file>lab6-interrupt_template.obj</file>
         <name>lab6-interrupt_template.obj</name>
      </input_file>
      <input_file id="fl-b">
         <path>..\FinalProject (2) (2)\FinalProject\Debug\</path>
         <kind>object</kind>
         <file>lab6_template.obj</file>
         <name>lab6_template.obj</name>
      </input_file>
      <input_file id="fl-c">
         <path>..\FinalProject (2) (2)\FinalProject\Debug\</path>
         <kind>object</kind>
         <file>lab9_template.obj</file>
         <name>lab9_template.obj</name>
      </input_file>
      <input_file id="fl-d">
         <path>..\FinalProject (2) (2)\FinalProject\Debug\</path>
         <kind>object</kind>
         <file>lcd.obj</file>
         <name>lcd.obj</name>
      </input_file>
      <input_file id="fl-e">
         <path>..\FinalProject (2) (2)\FinalProject\Debug\</path>
         <kind>object</kind>
         <file>main.obj</file>
         <name>main.obj</name>
      </input_file>
      <input_file id="fl-f">
         <path>..\FinalProject (2) (2)\FinalProject\Debug\</path>
         <kind>object</kind>
         <file>movement.obj</file>
         <name>movement.obj</name>
      </input_file>
      <input_file id="fl-10">
         <path>..\FinalProject (2) (2)\FinalProject\Debug\</path>
         <kind>object</kind>
         <file>music.obj</file>
         <name>music.obj</name>
      </input_file>
      <input_file id="fl-11">
         <path>..\FinalProject (2) (2)\FinalProject\Debug\</path>
         <kind>object</kind>
         <file>open_interface.obj</file>
         <name>open_interface.obj</name>
      </input_file>
      <input_file id="fl-12">
         <path>..\FinalProject (2) (2)\FinalProject\Debug\</path>
         <kind>object</kind>
         <file>ping_template.obj</file>
         <name>ping_template.obj</name>
      </input_file>
      <input_file id="fl-13">
         <path>..\FinalProject (2) (2)\FinalProject\Debug\</path>
         <kind>object</kind>
         <file>scanning.obj</file>
         <name>scanning.obj</name>
      </input_file>
      <input_file id="fl-14">
         <path>..\FinalProject (2) (2)\FinalProject\Debug\</path>
         <kind>object</kind>
         <file>servo.obj</file>
         <name>servo.obj</name>
      </input_file>
      <input_file id="fl-15">
         <path>..\FinalProject (2) (2)\FinalProject\Debug\</path>
         <kind>object</kind>
         <file>tm4c123gh6pm_startup_ccs.obj</file>
         <name>tm4c123gh6pm_startup_ccs.obj</name>
      </input_file>
      <input_file id="fl-16">
         <path>..\FinalProject (2) (2)\FinalProject\Debug\</path>
         <kind>object</kind>
         <file>uart-interrupt.obj</file>
         <name>uart-interrupt.obj</name>
      </input_file>
      <input_file id="fl-17">
         <path>..\FinalProject (2) (2)\FinalProject\Debug\</path>
         <kind>object</kind>
         <file>uart.obj</file>
         <name>uart.obj</name>
      </input_file>
      <input_file id="fl-18">
         <path>.\FinalProject (2) (2)\FinalProject\</path>
         <kind>object</kind>
         <file>Timer.obj</file>
         <name>Timer.obj</name>
      </input_file>
      <input_file id="fl-19">
         <path>.\FinalProject (2) (2)\FinalProject\</path>
         <kind>object</kind>
         <file>adc.obj</file>
         <name>adc.obj</name>
      </input_file>
      <input_file id="fl-1a">
         <path>.\FinalProject (2) (2)\FinalProject\</path>
         <kind>object</kind>
         <file>button.obj</file>
         <name>button.obj</name>
      </input_file>
      <input_file id="fl-1b">
         <path>.\FinalProject (2) (2)\FinalProject\</path>
         <kind>object</kind>
         <file>lab4_template.obj</file>
         <name>lab4_template.obj</name>
      </input_file>
      <input_file id="fl-1c">
         <path>.\FinalProject (2) (2)\FinalProject\</path>
         <kind>object</kind>
         <file>lab5_template.obj</file>
         <name>lab5_template.obj</name>
      </input_file>
      <input_file id="fl-1d">
         <path>.\FinalProject (2) (2)\FinalProject\</path>
         <kind>object</kind>
         <file>lab6-interrupt_template.obj</file>
         <name>lab6-interrupt_template.obj</name>
      </input_file>
      <input_file id="fl-1e">
         <path>.\FinalProject (2) (2)\FinalProject\</path>
         <kind>object</kind>
         <file>lab6_template.obj</file>
         <name>lab6_template.obj</name>
      </input_file>
      <input_file id="fl-1f">
         <path>.\FinalProject (2) (2)\FinalProject\</path>
         <kind>object</kind>
         <file>lab9_template.obj</file>
         <name>lab9_template.obj</name>
      </input_file>
      <input_file id="fl-20">
         <path>.\FinalProject (2) (2)\FinalProject\</path>
         <kind>object</kind>
         <file>lcd.obj</file>
         <name>lcd.obj</name>
      </input_file>
      <input_file id="fl-21">
         <path>.\FinalProject (2) (2)\FinalProject\</path>
         <kind>object</kind>
         <file>main.obj</file>
         <name>main.obj</name>
      </input_file>
      <input_file id="fl-22">
         <path>.\FinalProject (2) (2)\FinalProject\</path>
         <kind>object</kind>
         <file>movement.obj</file>
         <name>movement.obj</name>
      </input_file>
      <input_file id="fl-23">
         <path>.\FinalProject (2) (2)\FinalProject\</path>
         <kind>object</kind>
         <file>music.obj</file>
         <name>music.obj</name>
      </input_file>
      <input_file id="fl-24">
         <path>.\FinalProject (2) (2)\FinalProject\</path>
         <kind>object</kind>
         <file>open_interface.obj</file>
         <name>open_interface.obj</name>
      </input_file>
      <input_file id="fl-25">
         <path>.\FinalProject (2) (2)\FinalProject\</path>
         <kind>object</kind>
         <file>ping_template.obj</file>
         <name>ping_template.obj</name>
      </input_file>
      <input_file id="fl-26">
         <path>.\FinalProject (2) (2)\FinalProject\</path>
         <kind>object</kind>
         <file>scanning.obj</file>
         <name>scanning.obj</name>
      </input_file>
      <input_file id="fl-27">
         <path>.\FinalProject (2) (2)\FinalProject\</path>
         <kind>object</kind>
         <file>servo.obj</file>
         <name>servo.obj</name>
      </input_file>
      <input_file id="fl-28">
         <path>.\FinalProject (2) (2)\FinalProject\</path>
         <kind>object</kind>
         <file>tm4c123gh6pm_startup_ccs.obj</file>
         <name>tm4c123gh6pm_startup_ccs.obj</name>
      </input_file>
      <input_file id="fl-29">
         <path>.\FinalProject (2) (2)\FinalProject\</path>
         <kind>object</kind>
         <file>uart-interrupt.obj</file>
         <name>uart-interrupt.obj</name>
      </input_file>
      <input_file id="fl-2a">
         <path>.\FinalProject (2) (2)\FinalProject\</path>
         <kind>object</kind>
         <file>uart.obj</file>
         <name>uart.obj</name>
      </input_file>
      <input_file id="fl-30">
         <kind>object</kind>
         <file>&lt;internal&gt;</file>
         <name>&lt;internal&gt;</name>
      </input_file>
      <input_file id="fl-e6">
         <path>C:\ti\ccs1200\ccs\tools\compiler\ti-cgt-arm_20.2.6.LTS\lib\</path>
         <kind>archive</kind>
         <file>rtsv7M4_T_le_v4SPD16_eabi.lib</file>
         <name>sprintf.c.obj</name>
      </input_file>
      <input_file id="fl-e7">
         <path>C:\ti\ccs1200\ccs\tools\compiler\ti-cgt-arm_20.2.6.LTS\lib\</path>
         <kind>archive</kind>
         <file>rtsv7M4_T_le_v4SPD16_eabi.lib</file>
         <name>vsnprintf.c.obj</name>
      </input_file>
      <input_file id="fl-e8">
         <path>C:\ti\ccs1200\ccs\tools\compiler\ti-cgt-arm_20.2.6.LTS\lib\</path>
         <kind>archive</kind>
         <file>rtsv7M4_T_le_v4SPD16_eabi.lib</file>
         <name>fd_add_t2.asm.obj</name>
      </input_file>
      <input_file id="fl-e9">
         <path>C:\ti\ccs1200\ccs\tools\compiler\ti-cgt-arm_20.2.6.LTS\lib\</path>
         <kind>archive</kind>
         <file>rtsv7M4_T_le_v4SPD16_eabi.lib</file>
         <name>fd_cmp_t2.asm.obj</name>
      </input_file>
      <input_file id="fl-ea">
         <path>C:\ti\ccs1200\ccs\tools\compiler\ti-cgt-arm_20.2.6.LTS\lib\</path>
         <kind>archive</kind>
         <file>rtsv7M4_T_le_v4SPD16_eabi.lib</file>
         <name>fd_div_t2.asm.obj</name>
      </input_file>
      <input_file id="fl-eb">
         <path>C:\ti\ccs1200\ccs\tools\compiler\ti-cgt-arm_20.2.6.LTS\lib\</path>
         <kind>archive</kind>
         <file>rtsv7M4_T_le_v4SPD16_eabi.lib</file>
         <name>fd_mul_t2.asm.obj</name>
      </input_file>
      <input_file id="fl-ec">
         <path>C:\ti\ccs1200\ccs\tools\compiler\ti-cgt-arm_20.2.6.LTS\lib\</path>
         <kind>archive</kind>
         <file>rtsv7M4_T_le_v4SPD16_eabi.lib</file>
         <name>fd_toi_t2.asm.obj</name>
      </input_file>
      <input_file id="fl-ed">
         <path>C:\ti\ccs1200\ccs\tools\compiler\ti-cgt-arm_20.2.6.LTS\lib\</path>
         <kind>archive</kind>
         <file>rtsv7M4_T_le_v4SPD16_eabi.lib</file>
         <name>fd_tos_t2.asm.obj</name>
      </input_file>
      <input_file id="fl-ee">
         <path>C:\ti\ccs1200\ccs\tools\compiler\ti-cgt-arm_20.2.6.LTS\lib\</path>
         <kind>archive</kind>
         <file>rtsv7M4_T_le_v4SPD16_eabi.lib</file>
         <name>fs_tod_t2.asm.obj</name>
      </input_file>
      <input_file id="fl-ef">
         <path>C:\ti\ccs1200\ccs\tools\compiler\ti-cgt-arm_20.2.6.LTS\lib\</path>
         <kind>archive</kind>
         <file>rtsv7M4_T_le_v4SPD16_eabi.lib</file>
         <name>i_tofd_t2.asm.obj</name>
      </input_file>
      <input_file id="fl-f0">
         <path>C:\ti\ccs1200\ccs\tools\compiler\ti-cgt-arm_20.2.6.LTS\lib\</path>
         <kind>archive</kind>
         <file>rtsv7M4_T_le_v4SPD16_eabi.lib</file>
         <name>memcpy_t2.asm.obj</name>
      </input_file>
      <input_file id="fl-f1">
         <path>C:\ti\ccs1200\ccs\tools\compiler\ti-cgt-arm_20.2.6.LTS\lib\</path>
         <kind>archive</kind>
         <file>rtsv7M4_T_le_v4SPD16_eabi.lib</file>
         <name>u_tofd_t2.asm.obj</name>
      </input_file>
      <input_file id="fl-f2">
         <path>C:\ti\ccs1200\ccs\tools\compiler\ti-cgt-arm_20.2.6.LTS\lib\</path>
         <kind>archive</kind>
         <file>rtsv7M4_T_le_v4SPD16_eabi.lib</file>
         <name>copy_zero_init.c.obj</name>
      </input_file>
      <input_file id="fl-f3">
         <path>C:\ti\ccs1200\ccs\tools\compiler\ti-cgt-arm_20.2.6.LTS\lib\</path>
         <kind>archive</kind>
         <file>rtsv7M4_T_le_v4SPD16_eabi.lib</file>
         <name>copy_decompress_none.c.obj</name>
      </input_file>
      <input_file id="fl-f4">
         <path>C:\ti\ccs1200\ccs\tools\compiler\ti-cgt-arm_20.2.6.LTS\lib\</path>
         <kind>archive</kind>
         <file>rtsv7M4_T_le_v4SPD16_eabi.lib</file>
         <name>copy_decompress_lzss.c.obj</name>
      </input_file>
      <input_file id="fl-f5">
         <path>C:\ti\ccs1200\ccs\tools\compiler\ti-cgt-arm_20.2.6.LTS\lib\</path>
         <kind>archive</kind>
         <file>rtsv7M4_T_le_v4SPD16_eabi.lib</file>
         <name>memory.c.obj</name>
      </input_file>
      <input_file id="fl-f6">
         <path>C:\ti\ccs1200\ccs\tools\compiler\ti-cgt-arm_20.2.6.LTS\lib\</path>
         <kind>archive</kind>
         <file>rtsv7M4_T_le_v4SPD16_eabi.lib</file>
         <name>strcmp.c.obj</name>
      </input_file>
      <input_file id="fl-f7">
         <path>C:\ti\ccs1200\ccs\tools\compiler\ti-cgt-arm_20.2.6.LTS\lib\</path>
         <kind>archive</kind>
         <file>rtsv7M4_T_le_v4SPD16_eabi.lib</file>
         <name>strcpy.c.obj</name>
      </input_file>
      <input_file id="fl-f8">
         <path>C:\ti\ccs1200\ccs\tools\compiler\ti-cgt-arm_20.2.6.LTS\lib\</path>
         <kind>archive</kind>
         <file>rtsv7M4_T_le_v4SPD16_eabi.lib</file>
         <name>strlen.c.obj</name>
      </input_file>
      <input_file id="fl-f9">
         <path>C:\ti\ccs1200\ccs\tools\compiler\ti-cgt-arm_20.2.6.LTS\lib\</path>
         <kind>archive</kind>
         <file>rtsv7M4_T_le_v4SPD16_eabi.lib</file>
         <name>boot_cortex_m.c.obj</name>
      </input_file>
      <input_file id="fl-fa">
         <path>C:\ti\ccs1200\ccs\tools\compiler\ti-cgt-arm_20.2.6.LTS\lib\</path>
         <kind>archive</kind>
         <file>rtsv7M4_T_le_v4SPD16_eabi.lib</file>
         <name>_printfi.c.obj</name>
      </input_file>
      <input_file id="fl-fb">
         <path>C:\ti\ccs1200\ccs\tools\compiler\ti-cgt-arm_20.2.6.LTS\lib\</path>
         <kind>archive</kind>
         <file>rtsv7M4_T_le_v4SPD16_eabi.lib</file>
         <name>memset_t2.asm.obj</name>
      </input_file>
      <input_file id="fl-fc">
         <path>C:\ti\ccs1200\ccs\tools\compiler\ti-cgt-arm_20.2.6.LTS\lib\</path>
         <kind>archive</kind>
         <file>rtsv7M4_T_le_v4SPD16_eabi.lib</file>
         <name>ull_div_t2.asm.obj</name>
      </input_file>
      <input_file id="fl-fd">
         <path>C:\ti\ccs1200\ccs\tools\compiler\ti-cgt-arm_20.2.6.LTS\lib\</path>
         <kind>archive</kind>
         <file>rtsv7M4_T_le_v4SPD16_eabi.lib</file>
         <name>autoinit.c.obj</name>
      </input_file>
      <input_file id="fl-fe">
         <path>C:\ti\ccs1200\ccs\tools\compiler\ti-cgt-arm_20.2.6.LTS\lib\</path>
         <kind>archive</kind>
         <file>rtsv7M4_T_le_v4SPD16_eabi.lib</file>
         <name>pre_init.c.obj</name>
      </input_file>
      <input_file id="fl-ff">
         <path>C:\ti\ccs1200\ccs\tools\compiler\ti-cgt-arm_20.2.6.LTS\lib\</path>
         <kind>archive</kind>
         <file>rtsv7M4_T_le_v4SPD16_eabi.lib</file>
         <name>cpy_tbl.c.obj</name>
      </input_file>
      <input_file id="fl-100">
         <path>C:\ti\ccs1200\ccs\tools\compiler\ti-cgt-arm_20.2.6.LTS\lib\</path>
         <kind>archive</kind>
         <file>rtsv7M4_T_le_v4SPD16_eabi.lib</file>
         <name>exit.c.obj</name>
      </input_file>
      <input_file id="fl-101">
         <path>C:\ti\ccs1200\ccs\tools\compiler\ti-cgt-arm_20.2.6.LTS\lib\</path>
         <kind>archive</kind>
         <file>rtsv7M4_T_le_v4SPD16_eabi.lib</file>
         <name>_lock.c.obj</name>
      </input_file>
      <input_file id="fl-102">
         <path>C:\ti\ccs1200\ccs\tools\compiler\ti-cgt-arm_20.2.6.LTS\lib\</path>
         <kind>archive</kind>
         <file>rtsv7M4_T_le_v4SPD16_eabi.lib</file>
         <name>_ltoa.c.obj</name>
      </input_file>
      <input_file id="fl-103">
         <path>C:\ti\ccs1200\ccs\tools\compiler\ti-cgt-arm_20.2.6.LTS\lib\</path>
         <kind>archive</kind>
         <file>rtsv7M4_T_le_v4SPD16_eabi.lib</file>
         <name>args_main.c.obj</name>
      </input_file>
      <input_file id="fl-104">
         <path>C:\ti\ccs1200\ccs\tools\compiler\ti-cgt-arm_20.2.6.LTS\lib\</path>
         <kind>archive</kind>
         <file>rtsv7M4_T_le_v4SPD16_eabi.lib</file>
         <name>atoi.c.obj</name>
      </input_file>
      <input_file id="fl-105">
         <path>C:\ti\ccs1200\ccs\tools\compiler\ti-cgt-arm_20.2.6.LTS\lib\</path>
         <kind>archive</kind>
         <file>rtsv7M4_T_le_v4SPD16_eabi.lib</file>
         <name>ctype.c.obj</name>
      </input_file>
      <input_file id="fl-106">
         <path>C:\ti\ccs1200\ccs\tools\compiler\ti-cgt-arm_20.2.6.LTS\lib\</path>
         <kind>archive</kind>
         <file>rtsv7M4_T_le_v4SPD16_eabi.lib</file>
         <name>memccpy.c.obj</name>
      </input_file>
      <input_file id="fl-107">
         <path>C:\ti\ccs1200\ccs\tools\compiler\ti-cgt-arm_20.2.6.LTS\lib\</path>
         <kind>archive</kind>
         <file>rtsv7M4_T_le_v4SPD16_eabi.lib</file>
         <name>strchr.c.obj</name>
      </input_file>
      <input_file id="fl-108">
         <path>C:\ti\ccs1200\ccs\tools\compiler\ti-cgt-arm_20.2.6.LTS\lib\</path>
         <kind>archive</kind>
         <file>rtsv7M4_T_le_v4SPD16_eabi.lib</file>
         <name>errno.c.obj</name>
      </input_file>
      <input_file id="fl-109">
         <path>C:\ti\ccs1200\ccs\tools\compiler\ti-cgt-arm_20.2.6.LTS\lib\</path>
         <kind>archive</kind>
         <file>rtsv7M4_T_le_v4SPD16_eabi.lib</file>
         <name>s_frexp.c.obj</name>
      </input_file>
      <input_file id="fl-10a">
         <path>C:\ti\ccs1200\ccs\tools\compiler\ti-cgt-arm_20.2.6.LTS\lib\</path>
         <kind>archive</kind>
         <file>rtsv7M4_T_le_v4SPD16_eabi.lib</file>
         <name>s_scalbn.c.obj</name>
      </input_file>
      <input_file id="fl-10b">
         <path>C:\ti\ccs1200\ccs\tools\compiler\ti-cgt-arm_20.2.6.LTS\lib\</path>
         <kind>archive</kind>
         <file>rtsv7M4_T_le_v4SPD16_eabi.lib</file>
         <name>s_copysign.c.obj</name>
      </input_file>
      <input_file id="fl-10c">
         <path>C:\ti\ccs1200\ccs\tools\compiler\ti-cgt-arm_20.2.6.LTS\lib\</path>
         <kind>archive</kind>
         <file>rtsv7M4_T_le_v4SPD16_eabi.lib</file>
         <name>wcslen.c.obj</name>
      </input_file>
      <input_file id="fl-10d">
         <path>C:\ti\ccs1200\ccs\tools\compiler\ti-cgt-arm_20.2.6.LTS\lib\</path>
         <kind>archive</kind>
         <file>rtsv7M4_T_le_v4SPD16_eabi.lib</file>
         <name>div0.asm.obj</name>
      </input_file>
      <input_file id="fl-10e">
         <path>C:\ti\TivaWare_C_Series-2.2.0.295\driverlib\ccs\Debug\</path>
         <kind>archive</kind>
         <file>driverlib.lib</file>
         <name>interrupt.obj</name>
      </input_file>
      <input_file id="fl-10f">
         <path>C:\ti\TivaWare_C_Series-2.2.0.295\driverlib\ccs\Debug\</path>
         <kind>archive</kind>
         <file>driverlib.lib</file>
         <name>cpu.obj</name>
      </input_file>
   </input_file_list>
   <object_component_list>
      <object_component id="oc-1e">
         <name>.intvecs</name>
         <load_address>0x0</load_address>
         <run_address>0x0</run_address>
         <size>0x26c</size>
         <input_file_ref idref="fl-3"/>
      </object_component>
      <object_component id="oc-62">
         <name>.text:_c_int00_noinit_noargs:_c_int00_noinit_noargs</name>
         <load_address>0x26c</load_address>
         <run_address>0x26c</run_address>
         <size>0x2c</size>
         <input_file_ref idref="fl-f9"/>
      </object_component>
      <object_component id="oc-36">
         <name>.text</name>
         <load_address>0x298</load_address>
         <run_address>0x298</run_address>
         <size>0xc</size>
         <input_file_ref idref="fl-3"/>
      </object_component>
      <object_component id="oc-ae">
         <name>.text</name>
         <load_address>0x2a4</load_address>
         <run_address>0x2a4</run_address>
         <size>0x4</size>
         <input_file_ref idref="fl-2"/>
      </object_component>
      <object_component id="oc-a8">
         <name>.text:_system_pre_init</name>
         <load_address>0x2a8</load_address>
         <run_address>0x2a8</run_address>
         <size>0x4</size>
         <input_file_ref idref="fl-fe"/>
      </object_component>
      <object_component id="oc-e2">
         <name>.text:abort:abort</name>
         <load_address>0x2ac</load_address>
         <run_address>0x2ac</run_address>
         <size>0x4</size>
         <input_file_ref idref="fl-100"/>
      </object_component>
      <object_component id="oc-30">
         <name>.sysmem</name>
         <uninitialized>true</uninitialized>
         <run_address>0x20001000</run_address>
         <size>0x10</size>
         <input_file_ref idref="fl-f5"/>
      </object_component>
      <object_component id="oc-1a7">
         <name>.sysmem</name>
         <uninitialized>true</uninitialized>
         <run_address>0x20001000</run_address>
         <size>0x0</size>
      </object_component>
      <object_component id="oc-33">
         <name>.stack</name>
         <uninitialized>true</uninitialized>
         <run_address>0x20000000</run_address>
         <size>0x4</size>
         <input_file_ref idref="fl-f9"/>
      </object_component>
      <object_component id="oc-1a6">
         <name>.stack</name>
         <uninitialized>true</uninitialized>
         <run_address>0x20000000</run_address>
         <size>0x0</size>
      </object_component>
      <object_component id="oc-b0">
         <name>.debug_info</name>
         <load_address>0x0</load_address>
         <run_address>0x0</run_address>
         <size>0x11e</size>
         <input_file_ref idref="fl-2"/>
      </object_component>
      <object_component id="oc-45">
         <name>.debug_info</name>
         <load_address>0x11e</load_address>
         <run_address>0x11e</run_address>
         <size>0x84</size>
         <input_file_ref idref="fl-2"/>
      </object_component>
      <object_component id="oc-3e">
         <name>.debug_info</name>
         <load_address>0x1a2</load_address>
         <run_address>0x1a2</run_address>
         <size>0x2d5</size>
         <input_file_ref idref="fl-3"/>
      </object_component>
      <object_component id="oc-1f">
         <name>.debug_info</name>
         <load_address>0x477</load_address>
         <run_address>0x477</run_address>
         <size>0x114</size>
         <input_file_ref idref="fl-3"/>
      </object_component>
      <object_component id="oc-37">
         <name>.debug_info</name>
         <load_address>0x58b</load_address>
         <run_address>0x58b</run_address>
         <size>0x290</size>
         <input_file_ref idref="fl-3"/>
      </object_component>
      <object_component id="oc-83">
         <name>.debug_info</name>
         <load_address>0x81b</load_address>
         <run_address>0x81b</run_address>
         <size>0x26b</size>
         <input_file_ref idref="fl-3"/>
      </object_component>
      <object_component id="oc-cc">
         <name>.debug_info</name>
         <load_address>0xa86</load_address>
         <run_address>0xa86</run_address>
         <size>0x2a4</size>
         <input_file_ref idref="fl-3"/>
      </object_component>
      <object_component id="oc-88">
         <name>.debug_info</name>
         <load_address>0xd2a</load_address>
         <run_address>0xd2a</run_address>
         <size>0xbb</size>
         <input_file_ref idref="fl-3"/>
      </object_component>
      <object_component id="oc-7c">
         <name>.debug_info</name>
         <load_address>0xde5</load_address>
         <run_address>0xde5</run_address>
         <size>0x3b2</size>
         <input_file_ref idref="fl-f5"/>
      </object_component>
      <object_component id="oc-31">
         <name>.debug_info</name>
         <load_address>0x1197</load_address>
         <run_address>0x1197</run_address>
         <size>0x10c</size>
         <input_file_ref idref="fl-f5"/>
      </object_component>
      <object_component id="oc-c7">
         <name>.debug_info</name>
         <load_address>0x12a3</load_address>
         <run_address>0x12a3</run_address>
         <size>0xb2</size>
         <input_file_ref idref="fl-f5"/>
      </object_component>
      <object_component id="oc-c2">
         <name>.debug_info</name>
         <load_address>0x1355</load_address>
         <run_address>0x1355</run_address>
         <size>0x2c</size>
         <input_file_ref idref="fl-f5"/>
      </object_component>
      <object_component id="oc-34">
         <name>.debug_info</name>
         <load_address>0x1381</load_address>
         <run_address>0x1381</run_address>
         <size>0x10b</size>
         <input_file_ref idref="fl-f9"/>
      </object_component>
      <object_component id="oc-66">
         <name>.debug_info</name>
         <load_address>0x148c</load_address>
         <run_address>0x148c</run_address>
         <size>0x1a2</size>
         <input_file_ref idref="fl-f9"/>
      </object_component>
      <object_component id="oc-ac">
         <name>.debug_info</name>
         <load_address>0x162e</load_address>
         <run_address>0x162e</run_address>
         <size>0x153</size>
         <input_file_ref idref="fl-fe"/>
      </object_component>
      <object_component id="oc-e5">
         <name>.debug_info</name>
         <load_address>0x1781</load_address>
         <run_address>0x1781</run_address>
         <size>0x122</size>
         <input_file_ref idref="fl-100"/>
      </object_component>
      <object_component id="oc-1a8">
         <name>.debug_info</name>
         <load_address>0x18a3</load_address>
         <run_address>0x18a3</run_address>
         <size>0xc7</size>
      </object_component>
      <object_component id="oc-b2">
         <name>.debug_line</name>
         <load_address>0x0</load_address>
         <run_address>0x0</run_address>
         <size>0x42</size>
         <input_file_ref idref="fl-2"/>
      </object_component>
      <object_component id="oc-48">
         <name>.debug_line</name>
         <load_address>0x42</load_address>
         <run_address>0x42</run_address>
         <size>0x20</size>
         <input_file_ref idref="fl-2"/>
      </object_component>
      <object_component id="oc-82">
         <name>.debug_line</name>
         <load_address>0x62</load_address>
         <run_address>0x62</run_address>
         <size>0x41</size>
         <input_file_ref idref="fl-3"/>
      </object_component>
      <object_component id="oc-3d">
         <name>.debug_line</name>
         <load_address>0xa3</load_address>
         <run_address>0xa3</run_address>
         <size>0x41</size>
         <input_file_ref idref="fl-3"/>
      </object_component>
      <object_component id="oc-3b">
         <name>.debug_line</name>
         <load_address>0xe4</load_address>
         <run_address>0xe4</run_address>
         <size>0xa1</size>
         <input_file_ref idref="fl-3"/>
      </object_component>
      <object_component id="oc-86">
         <name>.debug_line</name>
         <load_address>0x185</load_address>
         <run_address>0x185</run_address>
         <size>0x6f</size>
         <input_file_ref idref="fl-3"/>
      </object_component>
      <object_component id="oc-cf">
         <name>.debug_line</name>
         <load_address>0x1f4</load_address>
         <run_address>0x1f4</run_address>
         <size>0x73</size>
         <input_file_ref idref="fl-3"/>
      </object_component>
      <object_component id="oc-8b">
         <name>.debug_line</name>
         <load_address>0x267</load_address>
         <run_address>0x267</run_address>
         <size>0x70</size>
         <input_file_ref idref="fl-3"/>
      </object_component>
      <object_component id="oc-c1">
         <name>.debug_line</name>
         <load_address>0x2d7</load_address>
         <run_address>0x2d7</run_address>
         <size>0x10f</size>
         <input_file_ref idref="fl-f5"/>
      </object_component>
      <object_component id="oc-7b">
         <name>.debug_line</name>
         <load_address>0x3e6</load_address>
         <run_address>0x3e6</run_address>
         <size>0x2c</size>
         <input_file_ref idref="fl-f5"/>
      </object_component>
      <object_component id="oc-ca">
         <name>.debug_line</name>
         <load_address>0x412</load_address>
         <run_address>0x412</run_address>
         <size>0x2c</size>
         <input_file_ref idref="fl-f5"/>
      </object_component>
      <object_component id="oc-c5">
         <name>.debug_line</name>
         <load_address>0x43e</load_address>
         <run_address>0x43e</run_address>
         <size>0x92</size>
         <input_file_ref idref="fl-f5"/>
      </object_component>
      <object_component id="oc-7f">
         <name>.debug_line</name>
         <load_address>0x4d0</load_address>
         <run_address>0x4d0</run_address>
         <size>0x33</size>
         <input_file_ref idref="fl-f9"/>
      </object_component>
      <object_component id="oc-65">
         <name>.debug_line</name>
         <load_address>0x503</load_address>
         <run_address>0x503</run_address>
         <size>0x48</size>
         <input_file_ref idref="fl-f9"/>
      </object_component>
      <object_component id="oc-ab">
         <name>.debug_line</name>
         <load_address>0x54b</load_address>
         <run_address>0x54b</run_address>
         <size>0x40</size>
         <input_file_ref idref="fl-fe"/>
      </object_component>
      <object_component id="oc-e4">
         <name>.debug_line</name>
         <load_address>0x58b</load_address>
         <run_address>0x58b</run_address>
         <size>0x3c</size>
         <input_file_ref idref="fl-100"/>
      </object_component>
      <object_component id="oc-b3">
         <name>.debug_frame</name>
         <load_address>0x0</load_address>
         <run_address>0x0</run_address>
         <size>0x54</size>
         <input_file_ref idref="fl-2"/>
      </object_component>
      <object_component id="oc-3a">
         <name>.debug_frame</name>
         <load_address>0x54</load_address>
         <run_address>0x54</run_address>
         <size>0x90</size>
         <input_file_ref idref="fl-3"/>
      </object_component>
      <object_component id="oc-63">
         <name>.debug_frame</name>
         <load_address>0xe4</load_address>
         <run_address>0xe4</run_address>
         <size>0x50</size>
         <input_file_ref idref="fl-f9"/>
      </object_component>
      <object_component id="oc-a9">
         <name>.debug_frame</name>
         <load_address>0x134</load_address>
         <run_address>0x134</run_address>
         <size>0x54</size>
         <input_file_ref idref="fl-fe"/>
      </object_component>
      <object_component id="oc-e3">
         <name>.debug_frame</name>
         <load_address>0x188</load_address>
         <run_address>0x188</run_address>
         <size>0x54</size>
         <input_file_ref idref="fl-100"/>
      </object_component>
      <object_component id="oc-e1">
         <name>.debug_abbrev</name>
         <load_address>0x0</load_address>
         <run_address>0x0</run_address>
         <size>0x52</size>
         <input_file_ref idref="fl-2"/>
      </object_component>
      <object_component id="oc-47">
         <name>.debug_abbrev</name>
         <load_address>0x52</load_address>
         <run_address>0x52</run_address>
         <size>0x1f</size>
         <input_file_ref idref="fl-2"/>
      </object_component>
      <object_component id="oc-81">
         <name>.debug_abbrev</name>
         <load_address>0x71</load_address>
         <run_address>0x71</run_address>
         <size>0x68</size>
         <input_file_ref idref="fl-3"/>
      </object_component>
      <object_component id="oc-3c">
         <name>.debug_abbrev</name>
         <load_address>0xd9</load_address>
         <run_address>0xd9</run_address>
         <size>0x29</size>
         <input_file_ref idref="fl-3"/>
      </object_component>
      <object_component id="oc-80">
         <name>.debug_abbrev</name>
         <load_address>0x102</load_address>
         <run_address>0x102</run_address>
         <size>0x79</size>
         <input_file_ref idref="fl-3"/>
      </object_component>
      <object_component id="oc-85">
         <name>.debug_abbrev</name>
         <load_address>0x17b</load_address>
         <run_address>0x17b</run_address>
         <size>0x69</size>
         <input_file_ref idref="fl-3"/>
      </object_component>
      <object_component id="oc-ce">
         <name>.debug_abbrev</name>
         <load_address>0x1e4</load_address>
         <run_address>0x1e4</run_address>
         <size>0x5c</size>
         <input_file_ref idref="fl-3"/>
      </object_component>
      <object_component id="oc-8a">
         <name>.debug_abbrev</name>
         <load_address>0x240</load_address>
         <run_address>0x240</run_address>
         <size>0x24</size>
         <input_file_ref idref="fl-3"/>
      </object_component>
      <object_component id="oc-c0">
         <name>.debug_abbrev</name>
         <load_address>0x264</load_address>
         <run_address>0x264</run_address>
         <size>0xd6</size>
         <input_file_ref idref="fl-f5"/>
      </object_component>
      <object_component id="oc-7a">
         <name>.debug_abbrev</name>
         <load_address>0x33a</load_address>
         <run_address>0x33a</run_address>
         <size>0x29</size>
         <input_file_ref idref="fl-f5"/>
      </object_component>
      <object_component id="oc-c9">
         <name>.debug_abbrev</name>
         <load_address>0x363</load_address>
         <run_address>0x363</run_address>
         <size>0x7f</size>
         <input_file_ref idref="fl-f5"/>
      </object_component>
      <object_component id="oc-c4">
         <name>.debug_abbrev</name>
         <load_address>0x3e2</load_address>
         <run_address>0x3e2</run_address>
         <size>0x24</size>
         <input_file_ref idref="fl-f5"/>
      </object_component>
      <object_component id="oc-7e">
         <name>.debug_abbrev</name>
         <load_address>0x406</load_address>
         <run_address>0x406</run_address>
         <size>0x29</size>
         <input_file_ref idref="fl-f9"/>
      </object_component>
      <object_component id="oc-b5">
         <name>.debug_abbrev</name>
         <load_address>0x42f</load_address>
         <run_address>0x42f</run_address>
         <size>0x55</size>
         <input_file_ref idref="fl-f9"/>
      </object_component>
      <object_component id="oc-e0">
         <name>.debug_abbrev</name>
         <load_address>0x484</load_address>
         <run_address>0x484</run_address>
         <size>0x55</size>
         <input_file_ref idref="fl-fe"/>
      </object_component>
      <object_component id="oc-120">
         <name>.debug_abbrev</name>
         <load_address>0x4d9</load_address>
         <run_address>0x4d9</run_address>
         <size>0x45</size>
         <input_file_ref idref="fl-100"/>
      </object_component>
      <object_component id="oc-1a9">
         <name>.debug_abbrev</name>
         <load_address>0x51e</load_address>
         <run_address>0x51e</run_address>
         <size>0xf</size>
      </object_component>
      <object_component id="oc-49">
         <name>.debug_str</name>
         <load_address>0x0</load_address>
         <run_address>0x0</run_address>
         <size>0xfd</size>
         <input_file_ref idref="fl-2"/>
      </object_component>
      <object_component id="oc-87">
         <name>.debug_str</name>
         <load_address>0xfd</load_address>
         <run_address>0xfd</run_address>
         <size>0x2d8</size>
         <input_file_ref idref="fl-3"/>
      </object_component>
      <object_component id="oc-d0">
         <name>.debug_str</name>
         <load_address>0x3d5</load_address>
         <run_address>0x3d5</run_address>
         <size>0x36e</size>
         <input_file_ref idref="fl-3"/>
      </object_component>
      <object_component id="oc-8c">
         <name>.debug_str</name>
         <load_address>0x743</load_address>
         <run_address>0x743</run_address>
         <size>0x170</size>
         <input_file_ref idref="fl-3"/>
      </object_component>
      <object_component id="oc-cb">
         <name>.debug_str</name>
         <load_address>0x8b3</load_address>
         <run_address>0x8b3</run_address>
         <size>0x10a</size>
         <input_file_ref idref="fl-f5"/>
      </object_component>
      <object_component id="oc-c6">
         <name>.debug_str</name>
         <load_address>0x9bd</load_address>
         <run_address>0x9bd</run_address>
         <size>0x140</size>
         <input_file_ref idref="fl-f5"/>
      </object_component>
      <object_component id="oc-af">
         <name>.debug_aranges</name>
         <load_address>0x0</load_address>
         <run_address>0x0</run_address>
         <size>0x20</size>
         <input_file_ref idref="fl-2"/>
      </object_component>
      <object_component id="oc-39">
         <name>.debug_aranges</name>
         <load_address>0x20</load_address>
         <run_address>0x20</run_address>
         <size>0x38</size>
         <input_file_ref idref="fl-3"/>
      </object_component>
      <object_component id="oc-64">
         <name>.debug_aranges</name>
         <load_address>0x58</load_address>
         <run_address>0x58</run_address>
         <size>0x20</size>
         <input_file_ref idref="fl-f9"/>
      </object_component>
      <object_component id="oc-aa">
         <name>.debug_aranges</name>
         <load_address>0x78</load_address>
         <run_address>0x78</run_address>
         <size>0x20</size>
         <input_file_ref idref="fl-fe"/>
      </object_component>
      <object_component id="oc-e7">
         <name>.debug_aranges</name>
         <load_address>0x98</load_address>
         <run_address>0x98</run_address>
         <size>0x20</size>
         <input_file_ref idref="fl-100"/>
      </object_component>
      <object_component id="oc-b1">
         <name>.debug_pubnames</name>
         <load_address>0x0</load_address>
         <run_address>0x0</run_address>
         <size>0x1b</size>
         <input_file_ref idref="fl-2"/>
      </object_component>
      <object_component id="oc-20">
         <name>.debug_pubnames</name>
         <load_address>0x1b</load_address>
         <run_address>0x1b</run_address>
         <size>0x23</size>
         <input_file_ref idref="fl-3"/>
      </object_component>
      <object_component id="oc-38">
         <name>.debug_pubnames</name>
         <load_address>0x3e</load_address>
         <run_address>0x3e</run_address>
         <size>0x4c</size>
         <input_file_ref idref="fl-3"/>
      </object_component>
      <object_component id="oc-32">
         <name>.debug_pubnames</name>
         <load_address>0x8a</load_address>
         <run_address>0x8a</run_address>
         <size>0x22</size>
         <input_file_ref idref="fl-f5"/>
      </object_component>
      <object_component id="oc-35">
         <name>.debug_pubnames</name>
         <load_address>0xac</load_address>
         <run_address>0xac</run_address>
         <size>0x1e</size>
         <input_file_ref idref="fl-f9"/>
      </object_component>
      <object_component id="oc-67">
         <name>.debug_pubnames</name>
         <load_address>0xca</load_address>
         <run_address>0xca</run_address>
         <size>0x2d</size>
         <input_file_ref idref="fl-f9"/>
      </object_component>
      <object_component id="oc-ad">
         <name>.debug_pubnames</name>
         <load_address>0xf7</load_address>
         <run_address>0xf7</run_address>
         <size>0x27</size>
         <input_file_ref idref="fl-fe"/>
      </object_component>
      <object_component id="oc-e6">
         <name>.debug_pubnames</name>
         <load_address>0x11e</load_address>
         <run_address>0x11e</run_address>
         <size>0x1c</size>
         <input_file_ref idref="fl-100"/>
      </object_component>
      <object_component id="oc-46">
         <name>.debug_pubtypes</name>
         <load_address>0x0</load_address>
         <run_address>0x0</run_address>
         <size>0xed</size>
         <input_file_ref idref="fl-2"/>
      </object_component>
      <object_component id="oc-84">
         <name>.debug_pubtypes</name>
         <load_address>0xed</load_address>
         <run_address>0xed</run_address>
         <size>0x25c</size>
         <input_file_ref idref="fl-3"/>
      </object_component>
      <object_component id="oc-cd">
         <name>.debug_pubtypes</name>
         <load_address>0x349</load_address>
         <run_address>0x349</run_address>
         <size>0x330</size>
         <input_file_ref idref="fl-3"/>
      </object_component>
      <object_component id="oc-89">
         <name>.debug_pubtypes</name>
         <load_address>0x679</load_address>
         <run_address>0x679</run_address>
         <size>0xaa</size>
         <input_file_ref idref="fl-3"/>
      </object_component>
      <object_component id="oc-7d">
         <name>.debug_pubtypes</name>
         <load_address>0x723</load_address>
         <run_address>0x723</run_address>
         <size>0x1f</size>
         <input_file_ref idref="fl-f5"/>
      </object_component>
      <object_component id="oc-c8">
         <name>.debug_pubtypes</name>
         <load_address>0x742</load_address>
         <run_address>0x742</run_address>
         <size>0x26</size>
         <input_file_ref idref="fl-f5"/>
      </object_component>
      <object_component id="oc-c3">
         <name>.debug_pubtypes</name>
         <load_address>0x768</load_address>
         <run_address>0x768</run_address>
         <size>0x1d</size>
         <input_file_ref idref="fl-f5"/>
      </object_component>
   </object_component_list>
   <logical_group_list>
      <logical_group id="lg-3" display="no" color="cyan">
         <name>.intvecs</name>
         <load_address>0x0</load_address>
         <run_address>0x0</run_address>
         <size>0x26c</size>
         <contents>
            <object_component_ref idref="oc-1e"/>
         </contents>
      </logical_group>
      <logical_group id="lg-4" display="no" color="cyan">
         <name>.text</name>
         <load_address>0x26c</load_address>
         <run_address>0x26c</run_address>
         <size>0x44</size>
         <contents>
            <object_component_ref idref="oc-62"/>
            <object_component_ref idref="oc-36"/>
            <object_component_ref idref="oc-ae"/>
            <object_component_ref idref="oc-a8"/>
            <object_component_ref idref="oc-e2"/>
         </contents>
      </logical_group>
      <logical_group id="lg-5" display="no" color="cyan">
         <name>.const</name>
         <run_address>0x0</run_address>
         <size>0x0</size>
         <contents>
         </contents>
      </logical_group>
      <logical_group id="lg-6" display="no" color="cyan">
         <name>.cinit</name>
         <run_address>0x0</run_address>
         <size>0x0</size>
         <contents>
         </contents>
      </logical_group>
      <logical_group id="lg-7" display="no" color="cyan">
         <name>.pinit</name>
         <run_address>0x0</run_address>
         <size>0x0</size>
         <contents>
         </contents>
      </logical_group>
      <logical_group id="lg-8" display="no" color="cyan">
         <name>.init_array</name>
         <run_address>0x0</run_address>
         <size>0x0</size>
         <contents>
         </contents>
      </logical_group>
      <logical_group id="lg-9" display="no" color="cyan">
         <name>.vtable</name>
         <run_address>0x0</run_address>
         <size>0x0</size>
         <contents>
         </contents>
      </logical_group>
      <logical_group id="lg-a" display="no" color="cyan">
         <name>.data</name>
         <run_address>0x0</run_address>
         <size>0x0</size>
         <contents>
         </contents>
      </logical_group>
      <logical_group id="lg-b" display="no" color="cyan">
         <name>.bss</name>
         <run_address>0x0</run_address>
         <size>0x0</size>
         <contents>
         </contents>
      </logical_group>
      <logical_group id="lg-c" display="no" color="cyan">
         <name>.sysmem</name>
         <run_address>0x20001000</run_address>
         <size>0x1000</size>
         <contents>
            <object_component_ref idref="oc-30"/>
            <object_component_ref idref="oc-1a7"/>
         </contents>
      </logical_group>
      <logical_group id="lg-d" display="no" color="cyan">
         <name>.stack</name>
         <run_address>0x20000000</run_address>
         <size>0x1000</size>
         <contents>
            <object_component_ref idref="oc-33"/>
            <object_component_ref idref="oc-1a6"/>
         </contents>
      </logical_group>
      <logical_group id="lg-f" display="no" color="cyan">
         <name>.intvecs</name>
         <run_address>0x0</run_address>
         <size>0x0</size>
         <contents>
         </contents>
      </logical_group>
      <logical_group id="lg-10" display="no" color="cyan">
         <name>.text</name>
         <run_address>0x0</run_address>
         <size>0x0</size>
         <contents>
         </contents>
      </logical_group>
      <logical_group id="lg-11" display="no" color="cyan">
         <name>.const</name>
         <run_address>0x0</run_address>
         <size>0x0</size>
         <contents>
         </contents>
      </logical_group>
      <logical_group id="lg-12" display="no" color="cyan">
         <name>.cinit</name>
         <run_address>0x0</run_address>
         <size>0x0</size>
         <contents>
         </contents>
      </logical_group>
      <logical_group id="lg-13" display="no" color="cyan">
         <name>.pinit</name>
         <run_address>0x0</run_address>
         <size>0x0</size>
         <contents>
         </contents>
      </logical_group>
      <logical_group id="lg-14" display="no" color="cyan">
         <name>.init_array</name>
         <run_address>0x0</run_address>
         <size>0x0</size>
         <contents>
         </contents>
      </logical_group>
      <logical_group id="lg-15" display="no" color="cyan">
         <name>.vtable</name>
         <run_address>0x0</run_address>
         <size>0x0</size>
         <contents>
         </contents>
      </logical_group>
      <logical_group id="lg-16" display="no" color="cyan">
         <name>.data</name>
         <run_address>0x0</run_address>
         <size>0x0</size>
         <contents>
         </contents>
      </logical_group>
      <logical_group id="lg-17" display="no" color="cyan">
         <name>.bss</name>
         <run_address>0x0</run_address>
         <size>0x0</size>
         <contents>
         </contents>
      </logical_group>
      <logical_group id="lg-18" display="no" color="cyan">
         <name>.sysmem</name>
         <run_address>0x0</run_address>
         <size>0x0</size>
         <contents>
         </contents>
      </logical_group>
      <logical_group id="lg-19" display="no" color="cyan">
         <name>.stack</name>
         <run_address>0x0</run_address>
         <size>0x0</size>
         <contents>
         </contents>
      </logical_group>
      <logical_group id="lg-170" display="no" color="cyan">
         <name>.TI.noinit</name>
         <run_address>0x0</run_address>
         <size>0x0</size>
         <contents>
         </contents>
      </logical_group>
      <logical_group id="lg-171" display="no" color="cyan">
         <name>.TI.persistent</name>
         <run_address>0x0</run_address>
         <size>0x0</size>
         <contents>
         </contents>
      </logical_group>
      <logical_group id="lg-172" display="no" color="cyan">
         <name>__llvm_prf_cnts</name>
         <run_address>0x20000000</run_address>
         <size>0x0</size>
         <contents>
         </contents>
      </logical_group>
      <logical_group id="lg-18c" display="never" color="cyan">
         <name>.debug_info</name>
         <load_address>0x0</load_address>
         <run_address>0x0</run_address>
         <size>0x196a</size>
         <contents>
            <object_component_ref idref="oc-b0"/>
            <object_component_ref idref="oc-45"/>
            <object_component_ref idref="oc-3e"/>
            <object_component_ref idref="oc-1f"/>
            <object_component_ref idref="oc-37"/>
            <object_component_ref idref="oc-83"/>
            <object_component_ref idref="oc-cc"/>
            <object_component_ref idref="oc-88"/>
            <object_component_ref idref="oc-7c"/>
            <object_component_ref idref="oc-31"/>
            <object_component_ref idref="oc-c7"/>
            <object_component_ref idref="oc-c2"/>
            <object_component_ref idref="oc-34"/>
            <object_component_ref idref="oc-66"/>
            <object_component_ref idref="oc-ac"/>
            <object_component_ref idref="oc-e5"/>
            <object_component_ref idref="oc-1a8"/>
         </contents>
      </logical_group>
      <logical_group id="lg-18e" display="never" color="cyan">
         <name>.debug_line</name>
         <load_address>0x0</load_address>
         <run_address>0x0</run_address>
         <size>0x5c7</size>
         <contents>
            <object_component_ref idref="oc-b2"/>
            <object_component_ref idref="oc-48"/>
            <object_component_ref idref="oc-82"/>
            <object_component_ref idref="oc-3d"/>
            <object_component_ref idref="oc-3b"/>
            <object_component_ref idref="oc-86"/>
            <object_component_ref idref="oc-cf"/>
            <object_component_ref idref="oc-8b"/>
            <object_component_ref idref="oc-c1"/>
            <object_component_ref idref="oc-7b"/>
            <object_component_ref idref="oc-ca"/>
            <object_component_ref idref="oc-c5"/>
            <object_component_ref idref="oc-7f"/>
            <object_component_ref idref="oc-65"/>
            <object_component_ref idref="oc-ab"/>
            <object_component_ref idref="oc-e4"/>
         </contents>
      </logical_group>
      <logical_group id="lg-190" display="never" color="cyan">
         <name>.debug_frame</name>
         <load_address>0x0</load_address>
         <run_address>0x0</run_address>
         <size>0x1dc</size>
         <contents>
            <object_component_ref idref="oc-b3"/>
            <object_component_ref idref="oc-3a"/>
            <object_component_ref idref="oc-63"/>
            <object_component_ref idref="oc-a9"/>
            <object_component_ref idref="oc-e3"/>
         </contents>
      </logical_group>
      <logical_group id="lg-192" display="never" color="cyan">
         <name>.debug_abbrev</name>
         <load_address>0x0</load_address>
         <run_address>0x0</run_address>
         <size>0x52d</size>
         <contents>
            <object_component_ref idref="oc-e1"/>
            <object_component_ref idref="oc-47"/>
            <object_component_ref idref="oc-81"/>
            <object_component_ref idref="oc-3c"/>
            <object_component_ref idref="oc-80"/>
            <object_component_ref idref="oc-85"/>
            <object_component_ref idref="oc-ce"/>
            <object_component_ref idref="oc-8a"/>
            <object_component_ref idref="oc-c0"/>
            <object_component_ref idref="oc-7a"/>
            <object_component_ref idref="oc-c9"/>
            <object_component_ref idref="oc-c4"/>
            <object_component_ref idref="oc-7e"/>
            <object_component_ref idref="oc-b5"/>
            <object_component_ref idref="oc-e0"/>
            <object_component_ref idref="oc-120"/>
            <object_component_ref idref="oc-1a9"/>
         </contents>
      </logical_group>
      <logical_group id="lg-194" display="never" color="cyan">
         <name>.debug_str</name>
         <load_address>0x0</load_address>
         <run_address>0x0</run_address>
         <size>0xafd</size>
         <contents>
            <object_component_ref idref="oc-49"/>
            <object_component_ref idref="oc-87"/>
            <object_component_ref idref="oc-d0"/>
            <object_component_ref idref="oc-8c"/>
            <object_component_ref idref="oc-cb"/>
            <object_component_ref idref="oc-c6"/>
         </contents>
      </logical_group>
      <logical_group id="lg-196" display="never" color="cyan">
         <name>.debug_aranges</name>
         <load_address>0x0</load_address>
         <run_address>0x0</run_address>
         <size>0xb8</size>
         <contents>
            <object_component_ref idref="oc-af"/>
            <object_component_ref idref="oc-39"/>
            <object_component_ref idref="oc-64"/>
            <object_component_ref idref="oc-aa"/>
            <object_component_ref idref="oc-e7"/>
         </contents>
      </logical_group>
      <logical_group id="lg-198" display="never" color="cyan">
         <name>.debug_pubnames</name>
         <load_address>0x0</load_address>
         <run_address>0x0</run_address>
         <size>0x13a</size>
         <contents>
            <object_component_ref idref="oc-b1"/>
            <object_component_ref idref="oc-20"/>
            <object_component_ref idref="oc-38"/>
            <object_component_ref idref="oc-32"/>
            <object_component_ref idref="oc-35"/>
            <object_component_ref idref="oc-67"/>
            <object_component_ref idref="oc-ad"/>
            <object_component_ref idref="oc-e6"/>
         </contents>
      </logical_group>
      <logical_group id="lg-19a" display="never" color="cyan">
         <name>.debug_pubtypes</name>
         <load_address>0x0</load_address>
         <run_address>0x0</run_address>
         <size>0x785</size>
         <contents>
            <object_component_ref idref="oc-46"/>
            <object_component_ref idref="oc-84"/>
            <object_component_ref idref="oc-cd"/>
            <object_component_ref idref="oc-89"/>
            <object_component_ref idref="oc-7d"/>
            <object_component_ref idref="oc-c8"/>
            <object_component_ref idref="oc-c3"/>
         </contents>
      </logical_group>
      <logical_group id="lg-1a5" display="no" color="cyan">
         <name>Veneer$$CMSE</name>
         <run_address>0x0</run_address>
         <size>0x0</size>
         <contents>
         </contents>
      </logical_group>
      <load_segment id="lg-1aa" display="no" color="cyan">
         <name>SEGMENT_0</name>
         <load_address>0x0</load_address>
         <run_address>0x0</run_address>
         <size>0x2b0</size>
         <flags>0x5</flags>
         <contents>
            <logical_group_ref idref="lg-3"/>
            <logical_group_ref idref="lg-4"/>
         </contents>
      </load_segment>
      <load_segment id="lg-1ab" display="no" color="cyan">
         <name>SEGMENT_1</name>
         <run_address>0x20000000</run_address>
         <size>0x2000</size>
         <flags>0x6</flags>
         <contents>
            <logical_group_ref idref="lg-d"/>
            <logical_group_ref idref="lg-c"/>
         </contents>
      </load_segment>
   </logical_group_list>
   <placement_map>
      <memory_area display="yes" color="green">
         <name>FLASH</name>
         <page_id>0x0</page_id>
         <origin>0x0</origin>
         <length>0x40000</length>
         <used_space>0x2b0</used_space>
         <unused_space>0x3fd50</unused_space>
         <attributes>RX</attributes>
         <usage_details>
            <allocated_space>
               <start_address>0x0</start_address>
               <size>0x26c</size>
               <logical_group_ref idref="lg-3"/>
            </allocated_space>
            <allocated_space>
               <start_address>0x26c</start_address>
               <size>0x44</size>
               <logical_group_ref idref="lg-4"/>
            </allocated_space>
            <available_space>
               <start_address>0x2b0</start_address>
               <size>0x3fd50</size>
            </available_space>
         </usage_details>
      </memory_area>
      <memory_area display="yes" color="green">
         <name>FLASH</name>
         <page_id>0x0</page_id>
         <origin>0x0</origin>
         <length>0x40000</length>
         <used_space>0x0</used_space>
         <unused_space>0x40000</unused_space>
         <attributes>RX</attributes>
         <usage_details>
         </usage_details>
      </memory_area>
      <memory_area display="yes" color="green">
         <name>SRAM</name>
         <page_id>0x0</page_id>
         <origin>0x20000000</origin>
         <length>0x8000</length>
         <used_space>0x2000</used_space>
         <unused_space>0x6000</unused_space>
         <attributes>RWX</attributes>
         <usage_details>
            <allocated_space>
               <start_address>0x20000000</start_address>
               <size>0x0</size>
               <logical_group_ref idref="lg-172"/>
            </allocated_space>
            <allocated_space>
               <start_address>0x20000000</start_address>
               <size>0x1000</size>
               <logical_group_ref idref="lg-d"/>
            </allocated_space>
            <allocated_space>
               <start_address>0x20001000</start_address>
               <size>0x1000</size>
               <logical_group_ref idref="lg-c"/>
            </allocated_space>
            <available_space>
               <start_address>0x20002000</start_address>
               <size>0x6000</size>
            </available_space>
         </usage_details>
      </memory_area>
      <memory_area display="yes" color="green">
         <name>SRAM</name>
         <page_id>0x0</page_id>
         <origin>0x20000000</origin>
         <length>0x8000</length>
         <used_space>0x0</used_space>
         <unused_space>0x8000</unused_space>
         <attributes>RWX</attributes>
         <usage_details>
         </usage_details>
      </memory_area>
   </placement_map>
   <symbol_table>
      <symbol id="sm-1">
         <name>__STACK_TOP</name>
         <value>0x20000200</value>
      </symbol>
      <symbol id="sm-2">
         <name>__start___llvm_prf_cnts</name>
         <value>0x20000000</value>
      </symbol>
      <symbol id="sm-3">
         <name>__stop___llvm_prf_cnts</name>
         <value>0x20000000</value>
      </symbol>
      <symbol id="sm-4">
         <name>binit</name>
         <value>0xffffffff</value>
      </symbol>
      <symbol id="sm-5">
         <name>__binit__</name>
         <value>0xffffffff</value>
      </symbol>
      <symbol id="sm-6">
         <name>__STACK_SIZE</name>
         <value>0x1000</value>
      </symbol>
      <symbol id="sm-7">
         <name>__STACK_END</name>
         <value>0x20001000</value>
      </symbol>
      <symbol id="sm-8">
         <name>__SYSMEM_SIZE</name>
         <value>0x1000</value>
      </symbol>
      <symbol id="sm-9">
         <name>__c_args__</name>
         <value>0xffffffff</value>
      </symbol>
      <symbol id="sm-a">
         <name>__TI_pprof_out_hndl</name>
         <value>0xffffffff</value>
      </symbol>
      <symbol id="sm-b">
         <name>__TI_prof_data_start</name>
         <value>0xffffffff</value>
      </symbol>
      <symbol id="sm-c">
         <name>__TI_prof_data_size</name>
         <value>0xffffffff</value>
      </symbol>
      <symbol id="sm-d">
         <name>__TI_static_base__</name>
         <value>0x0</value>
      </symbol>
      <symbol id="sm-3e">
         <name>main</name>
         <value>0x2a5</value>
         <object_component_ref idref="oc-ae"/>
      </symbol>
      <symbol id="sm-69">
         <name>ResetISR</name>
         <value>0x299</value>
         <object_component_ref idref="oc-36"/>
      </symbol>
      <symbol id="sm-6a">
         <name>g_pfnVectors</name>
         <value>0x0</value>
         <object_component_ref idref="oc-1e"/>
      </symbol>
      <symbol id="sm-b6">
         <name>_sys_memory</name>
         <value>0x20001000</value>
         <object_component_ref idref="oc-30"/>
      </symbol>
      <symbol id="sm-cb">
         <name>_c_int00_noinit_noargs</name>
         <value>0x26d</value>
         <object_component_ref idref="oc-62"/>
      </symbol>
      <symbol id="sm-cc">
         <name>__stack</name>
         <value>0x20000000</value>
         <object_component_ref idref="oc-33"/>
      </symbol>
      <symbol id="sm-da">
         <name>_system_pre_init</name>
         <value>0x2a9</value>
         <object_component_ref idref="oc-a8"/>
      </symbol>
      <symbol id="sm-e6">
         <name>C$$EXIT</name>
         <value>0x2ad</value>
         <object_component_ref idref="oc-e2"/>
      </symbol>
      <symbol id="sm-e7">
         <name>abort</name>
         <value>0x2ad</value>
         <object_component_ref idref="oc-e2"/>
      </symbol>
      <symbol id="sm-f7">
         <name>__mpu_init</name>
         <value>0x0</value>
      </symbol>
   </symbol_table>
   <title>Link errors: red sections failed placement</title>
</link_info>
